<?xml version="1.0" encoding="UTF-8"?>
<project-private xmlns="http://www.netbeans.org/ns/project-private/1">
    <editor-bookmarks xmlns="http://www.netbeans.org/ns/editor-bookmarks/2" lastBookmarkId="0"/>
    <open-files xmlns="http://www.netbeans.org/ns/projectui-open-files/2">
        <group>
            <file>file:/G:/3%20semestre/laboratorio%20de%20programação%202/VendasProdutosMonetizacaoGUI/src/GUI/Conta/Cadastrar/FXMLContaCadastrarController.java</file>
            <file>file:/G:/3%20semestre/laboratorio%20de%20programação%202/VendasProdutosMonetizacaoGUI/src/GUI/Mensagem/FXMLMensagemController.java</file>
            <file>file:/G:/3%20semestre/laboratorio%20de%20programação%202/VendasProdutosMonetizacaoGUI/src/GUI/Cliente/Selecionar/FXMLClienteSelecionarController.java</file>
            <file>file:/G:/3%20semestre/laboratorio%20de%20programação%202/VendasProdutosMonetizacaoGUI/src/util/FXMLUtil.java</file>
        </group>
    </open-files>
</project-private>
